Apple 아이폰 13 256GB [자급제],"1,041,000원",https://cr.shopping.naver.com/adcr.nhn?x=0RkU78lJszHCrpFRrvzjUP%2F%2F%2Fw%3D%3DsC1ufQHCxtlLdXrkHa9LLobpQ1Q4D7%2BVlwz0a5mnNpLxhJz9H0Ub4KLvuVTVtNMxM2wKpkoTBmNqpQjXWPMlMzITs3wa%2BP603dUjt81M%2F7SoWiR5YliM2OygS%2F8IeHZNGmnbFbAmkGtu5GMU%2BX%2BlcoMi30QtKP1mA7BYZPpxeJLexWvZfe2todmJfmpbNrXnqXKJBKazWTMr3TF%2BX7oeAGbix7jXt7MNVc9AIu4EfDZlNEwRr%2B3STfYHGn%2FB5b3e4AhHM%2Fu1aJh9q0LhseLNd1C7qbgNxy%2FOhUIMieVKkJe9r6kdrp7BvT8OlwZ7P37YyZp%2FuhVWf5tMOyu5R2EADuyoefdM%2BfO9V0Ze%2BxVGGu7jUQvs8GHq%2Bj7OvUNvyviyxS6nKoqtur6iGShqz9U6Fbkfowj1KoKb45p%2BXgMZysfkEdLuJh13gFOuABI1Cabywr1zQ3TaGfkdsxOv%2Bp53WSu5jnTGDpKGObFTyhFRkGDTL%2FnGINkSYp%2Bd2xAAY7UDn1UxaqwwRAbTAeA%2FJh4PWJuKAZdXc1gDLDc7nu0NjFS5icchwRNwmJ84TyxvjggzFQcvRyzaP%2FJDLesdf1q3hYqVxkX6rXV1YN5p%2BQkRDfALke%2FVP%2BgM94BPZkP5YJ%2Bex&nvMid=29029192591&catId=50001519
Apple 아이폰 13 프로 256GB [자급제],"1,294,000원",https://cr.shopping.naver.com/adcr.nhn?x=kB64p1KbxJThQHej62I8IP%2F%2F%2Fw%3D%3DsvC7pcVyKZq4syk7C77kGEjm1RE9z2b4yORVj9izZoH5hJz9H0Ub4KLvuVTVtNMxMvML8onTLAV7wXGPPPw6VboTs3wa%2BP603dUjt81M%2F7SoWiR5YliM2OygS%2F8IeHZNGmnbFbAmkGtu5GMU%2BX%2BlcoMi30QtKP1mA7BYZPpxeJLexWvZfe2todmJfmpbNrXnq6b4twwZe%2FXnN8SL9cd67Sbix7jXt7MNVc9AIu4EfDZlNEwRr%2B3STfYHGn%2FB5b3e4AhHM%2Fu1aJh9q0LhseLNd1C7qbgNxy%2FOhUIMieVKkJe9r6kdrp7BvT8OlwZ7P37YyZp%2FuhVWf5tMOyu5R2EADu1gs2J7BGNFVArRfAzJci4%2FUQvs8GHq%2Bj7OvUNvyviyxS6nKoqtur6iGShqz9U6Fbqir9Rsf38ulB5eaUrbZtXoEdLuJh13gFOuABI1Cabywr1zQ3TaGfkdsxOv%2Bp53WStb4AIWZANb5yyQmve1CxKvPU6pntGCurhu%2FV8uonTYh5X6MB3JdbnBohOi8QY2msvsSEyWiQv5UivnvsihesGTDamim%2BTkfHK2Nuua%2BC5jEDmbhZ1mZ2WDP1%2B8Zb3YzVr1DTQQTORT6B5qCS5agvZDke%2FVP%2BgM94BPZkP5YJ%2Bex&nvMid=29030492586&catId=50001519
Apple 아이폰 13 128GB [자급제],"1,024,650원",https://cr.shopping.naver.com/adcr.nhn?x=pUdGJt%2BbLPjGfZZy4eovFP%2F%2F%2Fw%3D%3DspoxARdGuzRAeiMiyjdiKpJDz1snn0JBRso%2FhkSrC2fdhJz9H0Ub4KLvuVTVtNMxM%2BTMoYbA0Cj5bSG5%2FDXhH%2BITs3wa%2BP603dUjt81M%2F7SoWiR5YliM2OygS%2F8IeHZNGmnbFbAmkGtu5GMU%2BX%2BlcoMi30QtKP1mA7BYZPpxeJLexWvZfe2todmJfmpbNrXnqNGdmVqT0qJ11casXr%2FJUjrix7jXt7MNVc9AIu4EfDZlNEwRr%2B3STfYHGn%2FB5b3e4AhHM%2Fu1aJh9q0LhseLNd1C7qbgNxy%2FOhUIMieVKkJe9r6kdrp7BvT8OlwZ7P37YyZp%2FuhVWf5tMOyu5R2EADu2p9md0tXr7jc%2B%2FBiXR834zUQvs8GHq%2Bj7OvUNvyviyxS6nKoqtur6iGShqz9U6Fbs6CAEPV1alWUD288iJVACEEdLuJh13gFOuABI1Cabywr1zQ3TaGfkdsxOv%2Bp53WSkG1YDduCsIlNU81UtgkO9rL%2FnGINkSYp%2Bd2xAAY7UDn9sUV4tX0WORy6hKVx6klzT%2FJfMWTy3AQhwFjZXPEDtxicchwRNwmJ84TyxvjggzFxdsSiPZltWtu5lgPsQboFj10GXD8sCQF5SBmGZ7X%2BMCCqA6%2BrrPkSkQjk3bFq%2FUy&nvMid=29030374587&catId=50001519
Apple 아이폰 13 미니 128GB [자급제],"863,150원",https://cr.shopping.naver.com/adcr.nhn?x=pkUPcDuh4HDUCWIEiGGHWv%2F%2F%2Fw%3D%3DsY7xxQEUTC4BZLdnPOU%2B3IlqhwcrvXz5d1bW2%2F5f%2BegJWQE1WikGGRjsm7ORTamZ7PYNLD7BoYY9v682xRE6ripTkyuAJXLvUrfPiDN3tV8bMLVISFvO8jI0W2YQOOebvAKkbI86L1el78KPgLVAh20Pg%2F6PYJW9LpCSumzPJoiiI9aZyW4hhCgmcrsQhWGWGoDvSF0ti4vm%2FgippbT9zgPKAXVfyDB1yTbVYYpYzcFnUHxlEatbmVq7jmztE%2FywsIIbvOUPbqycZiKwMboW8J21kUYFdK8GDQAMVT5tJtOPBz7%2BORHa%2BX777%2F5U82WuFbDBTzOXVzZwhX4bqQIW475X2k61XtLC%2BbtDtjMKoSvv1QQzCLreNp8sjPDBjStixjQaGLcMmduX4DYWfbsi2VO8kdsXsQNdKuUottZvasFpFiBdPxTSuvYOb67FAYBAGWR34PGgX21IX5FwB8U%2FAX%2BE%2BfGVX3hhd%2B8lUQoXxvtZD%2FkFMO4s7sTx4sbc7XXXQvaOjGxMtdSZf0nL3LrxHbPR3hL4VWZVf6lSnQV%2BCh8WtqaMHAJkj0DAJXiYJNZCZ%2Bxu62otc32LjEQwKGsQ4Jhan7IrTI2Bklly0Iw8yYWzLVWGr8fvvH1mWvUgXPK6j&nvMid=29030650586&catId=50001519
Apple 아이폰 13 프로 128GB [자급제],"1,162,000원",https://cr.shopping.naver.com/adcr.nhn?x=iWaCLWBvpM52xFeonfR1if%2F%2F%2Fw%3D%3DsKCl1xSqWaIOwz3XOp6rlPvN6fWCsyvyUANuNMxJcPHsbsBKbbjTB%2BBCjsLv6tz%2BjiCvysDSW%2BPW1i%2FS8%2BongFxqthviAT3wzOrkYL9YSqBu%2BagrVx6bulnceOMOWkBEsehs6QI5PzCMzziYSpNwaH0gAn8lD2%2BxrgblrBqYwPdWug%2B9sjA7rHdeMLkY%2BwIMU07oJ3o0uS6qCsqzVDCUSCzQZD6UDT51Dg8nNb9lI8fV%2BFLPJmN7kd5F0maTGsL0clqrTP9UVBNdDzK9DiNKFhAdmDKrF4BrrQH1m44rL%2Fic%2Fa18qhDQ1A%2FKJp3fgBDor391W%2FC1w5SVs2sYtTdFSes74ZNbfLvNMyrz0Zik7WCwVjQCpIk5kx4sJW2hrRfnKYYyQomAOCRwvaXv4BU13vxZCMZEaRWmpjeUjAQujE%2FSZzZyDfGo1SQoYRvXGDzWdJDnYvpfz%2Bh%2BZ6wVz3KJUXov5TurvHzcmsFW4yXHzYi0PVL%2B%2Frl5PLPXtI0kaP8PkmKdeEMdUbtmzDI4Aa7HQcdSxxJWA%2FjS3fXgbeCkvJ%2FKPFGLVBchYaGapM7A7FvGWASIbJJHJxstflUn134TkkJwWaoYtuuyV%2FA9xzzE6U60DfkLIyuldBS3f8m8e6nLmzUhNzs2VE%2B%2Bisqs3JAEppg%3D%3D&nvMid=29030420587&catId=50001519
Apple 아이폰 13 미니 256GB [자급제],"1,029,000원",https://cr.shopping.naver.com/adcr.nhn?x=T0qk%2FygOgdT4gZFcbtXBEf%2F%2F%2Fw%3D%3DsqQ8%2BnYSL3LNZYSqGiUR8XsVf51U2qX53l%2F%2Bq644Q%2Fn1hJz9H0Ub4KLvuVTVtNMxMWGUykZloXwJd0AfGDe3b8ITs3wa%2BP603dUjt81M%2F7SoWiR5YliM2OygS%2F8IeHZNGmnbFbAmkGtu5GMU%2BX%2BlcoMi30QtKP1mA7BYZPpxeJLexWvZfe2todmJfmpbNrXnq057%2FmlbCMWUqQYtn8CmoI7ix7jXt7MNVc9AIu4EfDZlNEwRr%2B3STfYHGn%2FB5b3e4AhHM%2Fu1aJh9q0LhseLNd1C7qbgNxy%2FOhUIMieVKkJe9r6kdrp7BvT8OlwZ7P37YyZp%2FuhVWf5tMOyu5R2EADuwDOcOaPjChDYwUm8jxiUUTUQvs8GHq%2Bj7OvUNvyviyxS6nKoqtur6iGShqz9U6FbqmQYK9bV69tGFFws7NAPZUEdLuJh13gFOuABI1Cabywr1zQ3TaGfkdsxOv%2Bp53WSncsz9SaQCgs7V%2F%2B%2F15Qw2jPU6pntGCurhu%2FV8uonTYh5X6MB3JdbnBohOi8QY2msgvsMA%2BJZ3o3XvW1BoR4CZjDamim%2BTkfHK2Nuua%2BC5jEfttFD8%2BaROpnqnqy1yQmHDWisqFqpKCTPNTNXJDejF3ke%2FVP%2BgM94BPZkP5YJ%2Bex&nvMid=29030437590&catId=50001519
Apple 아이폰 13 프로 맥스 256GB [자급제],"1,426,000원",https://cr.shopping.naver.com/adcr.nhn?x=clVwKSjQ3CuTZWnCfUK0fv%2F%2F%2Fw%3D%3Ds1O4Rp%2FbnhmR7SGyOQK7qYL5zg1yAzfGY%2FOwCYMZNbu8bsBKbbjTB%2BBCjsLv6tz%2Bj7isHWPWrsHSvFzCNgdB%2B558bO%2FpEi9JCXRRiCuAaa2K%2BagrVx6bulnceOMOWkBEsehs6QI5PzCMzziYSpNwaH0gAn8lD2%2BxrgblrBqYwPdWug%2B9sjA7rHdeMLkY%2BwIMUBSRNe5ZyGuyhkwLhP0AEuzQZD6UDT51Dg8nNb9lI8fV%2BFLPJmN7kd5F0maTGsL0clqrTP9UVBNdDzK9DiNKFhAdmDKrF4BrrQH1m44rL%2Fic%2Fa18qhDQ1A%2FKJp3fgBDor391W%2FC1w5SVs2sYtTdFSekuXxnqfUiwDKHsULQcfhh4VjQCpIk5kx4sJW2hrRfnKYYyQomAOCRwvaXv4BU13v4BwPD7JzBPkkRc75i2yEimZzZyDfGo1SQoYRvXGDzWdJDnYvpfz%2Bh%2BZ6wVz3KJUXsds9B%2BMUzAQtFYI3wiD8cabXOdqtsjsMd83yLMTRkxvFFcURuJXcA9fpBODYEj4uncpFPyXoiGXrZHj5E1KTrYilATCLR4cWwsazP06dYFTiA3%2FU2AzguC84AnoS7Lq%2BfFAj%2BQXm2DbBGra2Wj0zZyrsD3X39Lc%2FU%2BQKNi5GFJNDhLBwu%2FFQS5xWYf5w6G3jQ%3D%3D&nvMid=29030294588&catId=50001519
Apple 아이폰 13 프로 512GB [자급제],"1,588,000원",https://cr.shopping.naver.com/adcr.nhn?x=Q7ZKFrU1K7u3O3VU6KmW0P%2F%2F%2Fw%3D%3DsUKsoYkmSh%2Befhx1UTc7fzE0gVS8n2OiMjRGg5TOxfyVWQE1WikGGRjsm7ORTamZ7e8yBhQlRd%2BeMaHVv0jSlaJTkyuAJXLvUrfPiDN3tV8bMLVISFvO8jI0W2YQOOebvAKkbI86L1el78KPgLVAh20Pg%2F6PYJW9LpCSumzPJoiiI9aZyW4hhCgmcrsQhWGWGidrGyrdYG9xYKiUSnB31wfKAXVfyDB1yTbVYYpYzcFnUHxlEatbmVq7jmztE%2FywsIIbvOUPbqycZiKwMboW8J21kUYFdK8GDQAMVT5tJtOPBz7%2BORHa%2BX777%2F5U82WuFOFq6ft86gd6y8VolUjKS%2BuigJMFumBIM0nmm0bIksJ31QQzCLreNp8sjPDBjStixjQaGLcMmduX4DYWfbsi2VFidmhsgNmBUvEBFROKzp7NFiBdPxTSuvYOb67FAYBAGpxy2zgNMJa1at1GSrSd0QE%2BKsiS%2BXqVbgp7r172lWiFD%2FkFMO4s7sTx4sbc7XXXQvaOjGxMtdSZf0nL3LrxHbLJxFqU9ChY6zRSbGN3oNJVPwCXFJiRdosf3os3K%2FWn11DhsucZHl%2BTISrv3J9md9HdrvS5IkDZ8TfX1jw3szsNoaKZHilHbuauHUigNM5KA&nvMid=29030416587&catId=50001519
Apple 아이폰 13 프로 맥스 128GB [자급제],"1,428,050원",https://cr.shopping.naver.com/adcr.nhn?x=XAOwHLme7gsEJkHtxre3qv%2F%2F%2Fw%3D%3DsYNDkHjGtPZ6fIIGBOf%2Fv%2BhYPqek0Ox79vKGSLeG%2BkdBhJz9H0Ub4KLvuVTVtNMxMZvawijUkReSaeOacKZZUMYTs3wa%2BP603dUjt81M%2F7SoWiR5YliM2OygS%2F8IeHZNGmnbFbAmkGtu5GMU%2BX%2BlcoMi30QtKP1mA7BYZPpxeJLexWvZfe2todmJfmpbNrXnqnCfUWv5T09LdwRr0l79u4rix7jXt7MNVc9AIu4EfDZlNEwRr%2B3STfYHGn%2FB5b3e4AhHM%2Fu1aJh9q0LhseLNd1C7qbgNxy%2FOhUIMieVKkJe9r6kdrp7BvT8OlwZ7P37YyZp%2FuhVWf5tMOyu5R2EADu2vrrRfvejgEQCFqp4a7%2BIXUQvs8GHq%2Bj7OvUNvyviyxS6nKoqtur6iGShqz9U6Fbu4grDpiDWcjNf4Cbyqxul8EdLuJh13gFOuABI1Cabywr1zQ3TaGfkdsxOv%2Bp53WSph2%2B170Lc%2Fh1s0cur%2FyDfm9lbCAHUgYx7U3V2HOvd43o64ifB9DVeZ8ffla9GlFdjN1N8Q0UbI7dffulxtHXsIbUDP7FrDZEC8OP14LGEmNEs8cFUTVf2EXpmSuc9bAhHBtonclq%2BGuXl4ZXelz34%2BBAI%2F9sQRO2Am9a%2BRTB%2Fq9QdAiJdwXirBRdnaxfvrBbw%3D%3D&nvMid=29030367587&catId=50001519
Apple 아이폰 13 미니 512GB [자급제],"1,179,000원",https://cr.shopping.naver.com/adcr.nhn?x=evM5xmadkvUEuo0smRsZpP%2F%2F%2Fw%3D%3DsNanMqG05g6aecqeYM0SewmW2vUDKwI1jcrwR%2F6VYJTlWQE1WikGGRjsm7ORTamZ7nSNS26aGHa4JNaBGrSoEaJTkyuAJXLvUrfPiDN3tV8bMLVISFvO8jI0W2YQOOebvAKkbI86L1el78KPgLVAh20Pg%2F6PYJW9LpCSumzPJoiiI9aZyW4hhCgmcrsQhWGWGRcIO%2FsSRKHMrPSPiMPM2BfKAXVfyDB1yTbVYYpYzcFnUHxlEatbmVq7jmztE%2FywsIIbvOUPbqycZiKwMboW8J21kUYFdK8GDQAMVT5tJtOPBz7%2BORHa%2BX777%2F5U82WuFWQteugX0H64N6WsYUEMc5g8AY2hZcvClsqEaC8EoAp31QQzCLreNp8sjPDBjStixjQaGLcMmduX4DYWfbsi2VGDM3SiPCyze6%2Bi%2BuJ%2Brf7lFiBdPxTSuvYOb67FAYBAGWR34PGgX21IX5FwB8U%2FAX5tsvAd8RoapYLBXqQi9V7pD%2FkFMO4s7sTx4sbc7XXXQvaOjGxMtdSZf0nL3LrxHbDQaV6YaIcgN1etbTFw1BN9PwCXFJiRdosf3os3K%2FWn1NYAKIR1Hv8FqCKK%2FwqcFp8AKNHRkVVWvwxIPIWrYE1zNjqh%2FZemCCOboDhnweAmG&nvMid=29030296587&catId=50001519
Apple 아이폰 13 프로 맥스 512GB [자급제],"1,881,000원",https://cr.shopping.naver.com/adcr.nhn?x=Qa9utZ7OoyMYGOPQKT27mv%2F%2F%2Fw%3D%3DsJJ25U5BeeD7F4pqVEBEgvSrl%2Bj5q2ACwx8MYynIn4c9hJz9H0Ub4KLvuVTVtNMxMijNNmiFAX0NNu1uyH9576ITs3wa%2BP603dUjt81M%2F7SoWiR5YliM2OygS%2F8IeHZNGmnbFbAmkGtu5GMU%2BX%2BlcoMi30QtKP1mA7BYZPpxeJLexWvZfe2todmJfmpbNrXnqmD3tRrdK1cFWEMxpF2wcAbix7jXt7MNVc9AIu4EfDZlNEwRr%2B3STfYHGn%2FB5b3e4AhHM%2Fu1aJh9q0LhseLNd1C7qbgNxy%2FOhUIMieVKkJe9r6kdrp7BvT8OlwZ7P37YyZp%2FuhVWf5tMOyu5R2EADu8zODRXAlL9vZufe7TZg8L3UQvs8GHq%2Bj7OvUNvyviyxS6nKoqtur6iGShqz9U6FbmX3EJ5ke9Ts2wyqqCoZInIEdLuJh13gFOuABI1Cabywr1zQ3TaGfkdsxOv%2Bp53WSsJAdVJBQjLvH97jzqUKE8gJ6z4tlOGyZW9YfP2%2B8HiIo64ifB9DVeZ8ffla9GlFdvOw2kXrwLnRLwg0WtAWR1iw2SHxSYZRhvnFPA3Fw%2Fz2Es8cFUTVf2EXpmSuc9bAhNBzFTCjgGSAZ3s0x72M7UZLjGZU%2Bq3rRPNnDzjOYfhSHRyPBWbUFRhWScTsgQynPg%3D%3D&nvMid=29029192586&catId=50001519
Apple 아이폰 13 프로 맥스 1TB [자급제],"2,079,530원",https://cr.shopping.naver.com/adcr.nhn?x=bapqNwKc2n%2BeOlJaBl3x9f%2F%2F%2Fw%3D%3Ds%2Fiul34Y6XvNsLqvKSYOL0QkuqmZwLEA1NJZBiFaAS5hhJz9H0Ub4KLvuVTVtNMxMds2YGd9pNw7beafT4MtRD4Ts3wa%2BP603dUjt81M%2F7SoWiR5YliM2OygS%2F8IeHZNGmnbFbAmkGtu5GMU%2BX%2BlcoMi30QtKP1mA7BYZPpxeJLexWvZfe2todmJfmpbNrXnqArgGaDBKbEfnwAwTC02FZ7ix7jXt7MNVc9AIu4EfDZlNEwRr%2B3STfYHGn%2FB5b3e4AhHM%2Fu1aJh9q0LhseLNd1C7qbgNxy%2FOhUIMieVKkJe9r6kdrp7BvT8OlwZ7P37YyZp%2FuhVWf5tMOyu5R2EADuzCodvxeeOR%2FAX66uGYyOcvUQvs8GHq%2Bj7OvUNvyviyxS6nKoqtur6iGShqz9U6FbrnuifVNEmIlG8NAGmDbIe8EdLuJh13gFOuABI1Cabywr1zQ3TaGfkdsxOv%2Bp53WSph2%2B170Lc%2Fh1s0cur%2FyDfkUOWN9OD4ZGbyjxtdt5BjzuwP9L0j7YvHB2OKNn2rLcJVPqN5HXK5km94mKbBs5SWwO%2BUI61dZhv6zFXp63oES%2BgtF15PMkmjkNDmi88yMRVoZuPqzTZi8Th80N2QrOhz0UbNk5di1V8jUMbmtHii%2FBq7h9PA5SrIXrcWPClBGWw%3D%3D&nvMid=29029192590&catId=50001519
Apple 아이폰 13 프로 128GB [LG U+],"654,980원",https://cr.shopping.naver.com/adcr.nhn?x=h6QquGR2tIfrbAkceOZN7v%2F%2F%2Fw%3D%3DsmzxQzepWSL05yeu8nWoQf7H6wNvK8xjiE%2BQHjO%2Bidj9hJz9H0Ub4KLvuVTVtNMxMcb1Il7F7aEsCKmJOozlY94Ts3wa%2BP603dUjt81M%2F7SoWiR5YliM2OygS%2F8IeHZNGmnbFbAmkGtu5GMU%2BX%2BlcoMi30QtKP1mA7BYZPpxeJLexWvZfe2todmJfmpbNrXnqg7gKiQG8MTIItSW%2BDJaVQrix7jXt7MNVc9AIu4EfDZlNEwRr%2B3STfYHGn%2FB5b3e4AhHM%2Fu1aJh9q0LhseLNd1C7qbgNxy%2FOhUIMieVKkJe9r6kdrp7BvT8OlwZ7P37YyZp%2FuhVWf5tMOyu5R2EADu59iT2YALPDckV4LUujHIYDUQvs8GHq%2Bj7OvUNvyviyxeoI3z%2BL14z9v%2Fx%2BL9Zw%2FKrR9FKy8z7W2%2BYb%2Fp77jVkcEdLuJh13gFOuABI1Cabywr1zQ3TaGfkdsxOv%2Bp53WSh1x3ZHEX3cnenvBUrcEg5P5YbLlxragaaIQX6kJDBj8D6QkZjCZcMNTR4jeTmX45c1cI9AklIEOjS5STLTjXmoNauEcRynSn%2F8orOK7nc90IgQw20cqgwNmRStLA3Ji%2BaQeqiTaSdbat499RNCk%2BznLVWGr8fvvH1mWvUgXPK6j&nvMid=29030175590&catId=50000248
Apple 아이폰 13 미니 256GB [LG U+],"137,880원",https://cr.shopping.naver.com/adcr.nhn?x=bCs1B9nzHXpQzuSYaCyb1v%2F%2F%2Fw%3D%3DsLLPXZSsw%2FrXxlfLCRKZaul%2FnBgSL6mKL6DzN2QH54kwbsBKbbjTB%2BBCjsLv6tz%2BjvSttiwbfaHTvroBj9t%2BKf3HjqcrFQVdcM9jBMt1UMYu%2BagrVx6bulnceOMOWkBEsehs6QI5PzCMzziYSpNwaH0gAn8lD2%2BxrgblrBqYwPdWug%2B9sjA7rHdeMLkY%2BwIMUH9J2IBuyzX11BjOUDWY3GjQZD6UDT51Dg8nNb9lI8fV%2BFLPJmN7kd5F0maTGsL0clqrTP9UVBNdDzK9DiNKFhAdmDKrF4BrrQH1m44rL%2Fic%2Fa18qhDQ1A%2FKJp3fgBDor391W%2FC1w5SVs2sYtTdFSeh4QLWYf%2Fc6MXDZgNBmyMgkVjQCpIk5kx4sJW2hrRfnKqwZ9aKCnp%2BOD2OzgCp1jz%2FipQBUlUkDfvfJv26TwKpqZzZyDfGo1SQoYRvXGDzWdJDnYvpfz%2Bh%2BZ6wVz3KJUXgQXDLsZddoOLNIdsD1Pd7rpLKfV7lHXkGfYNhWiUOPtINRw1QNF%2FOPJXb5%2B358LYA%2B3sboA7FqFzz9FKmk4bqnvW2q1ZBpuV%2F%2FvtKUgTGHnIpkhoTTJuBxE%2FavTp2UFVdgPOmOohIWjuzsfzSVrBlbHICEQpPL7Rm%2B2fyhjEhHR&nvMid=29030376589&catId=50000248
Apple 아이폰 13 512GB [자급제],"1,298,000원",https://cr.shopping.naver.com/adcr.nhn?x=ntsFlgBmLBi41fQzVp%2BzS%2F%2F%2F%2Fw%3D%3DslGcd9SiJxJW%2Bd3Jp3TF1Vh8Laif5FICMESjaw9m6tplhJz9H0Ub4KLvuVTVtNMxMnNp%2FgEcYGG1CAZoqzGzo0YTs3wa%2BP603dUjt81M%2F7SoWiR5YliM2OygS%2F8IeHZNGmnbFbAmkGtu5GMU%2BX%2BlcoMi30QtKP1mA7BYZPpxeJLexWvZfe2todmJfmpbNrXnqMp%2F9XPfjTZN93E2a1T98erix7jXt7MNVc9AIu4EfDZlNEwRr%2B3STfYHGn%2FB5b3e4AhHM%2Fu1aJh9q0LhseLNd1C7qbgNxy%2FOhUIMieVKkJe9r6kdrp7BvT8OlwZ7P37YyZp%2FuhVWf5tMOyu5R2EADu7aPUIlyhCorU1ueFLUJ0%2BLUQvs8GHq%2Bj7OvUNvyviyxS6nKoqtur6iGShqz9U6FbpJ7V5fUZH4IQE3wQoHsyyUEdLuJh13gFOuABI1Cabywr1zQ3TaGfkdsxOv%2Bp53WStYrmhd6z3mr51lBlAzJFvLL%2FnGINkSYp%2Bd2xAAY7UDnZuR%2BZ455CVM%2FNW%2BY1%2F9iK%2BbNtihuu%2BxG292vYGdnKHRicchwRNwmJ84TyxvjggzFASNwTkSjcj%2Fd7ptyvvyibK8oPOLH2wbzdu9pNBzePPYOEsHC78VBLnFZh%2FnDobeN&nvMid=29030496586&catId=50001519
Apple 아이폰 13 프로 1TB [자급제],"1,902,640원",https://cr.shopping.naver.com/adcr.nhn?x=2LVXFICmEcCaDPFB8YI9NP%2F%2F%2Fw%3D%3DsULXIMJMAsIJWUh8MlhqyrUDnkCIbC7sqYsCqic9nJYwbsBKbbjTB%2BBCjsLv6tz%2BjJb0xXNsqERmXyDVJ9Z1msVOiD11MDpqVtPWN%2Fmk%2B52e%2BagrVx6bulnceOMOWkBEsehs6QI5PzCMzziYSpNwaH0gAn8lD2%2BxrgblrBqYwPdWug%2B9sjA7rHdeMLkY%2BwIMUmYzuQQAJCViO8N6pCIk6TzQZD6UDT51Dg8nNb9lI8fV%2BFLPJmN7kd5F0maTGsL0clqrTP9UVBNdDzK9DiNKFhAdmDKrF4BrrQH1m44rL%2Fic%2Fa18qhDQ1A%2FKJp3fgBDor391W%2FC1w5SVs2sYtTdFSeiCSkXAX5UAGdOlgdI9YyNgVjQCpIk5kx4sJW2hrRfnKYYyQomAOCRwvaXv4BU13v1ijlu%2F1Ad8hDkCoCM3G0VuZzZyDfGo1SQoYRvXGDzWdJDnYvpfz%2Bh%2BZ6wVz3KJUXpApXj%2FgdhHWz1aGeJzNhLPlE80KNwbfNxekQsGJejRksTXhzeKkynwlV5iG42bUwyTXUjozdlB6vZIJoO2lksslWVIKyTw9nVdCD%2F5i01JR20Duw%2Bj0%2BlH1B5IcgnFCHHdn3w1ENtzaSdXGzoU0TW9WhZ3SMHTcLlpircdRzUgq1JIslBmdxaTx7xO1%2BPPoWw%3D%3D&nvMid=29029192588&catId=50001519
Apple 아이폰 13 미니 128GB [LG U+],"24,990원",https://cr.shopping.naver.com/adcr.nhn?x=x8aOQsvRV%2Bntp7dmnjTxnP%2F%2F%2Fw%3D%3DsTIvQj0whOwF%2F634kPhzmlAbM58ZqRJSzeD3hTFhjLhxWQE1WikGGRjsm7ORTamZ7VEGF53mpBk8LOSJzEGCC65TkyuAJXLvUrfPiDN3tV8bMLVISFvO8jI0W2YQOOebvAKkbI86L1el78KPgLVAh20Pg%2F6PYJW9LpCSumzPJoiiI9aZyW4hhCgmcrsQhWGWGJotMI0cao4vCmnMLYrRgWPKAXVfyDB1yTbVYYpYzcFnUHxlEatbmVq7jmztE%2FywsIIbvOUPbqycZiKwMboW8J21kUYFdK8GDQAMVT5tJtOPBz7%2BORHa%2BX777%2F5U82WuFusRBPp4D3GL%2FmCOOt46tM8FCSm0bZDigckDqVWwcnM%2F1QQzCLreNp8sjPDBjStixj1OT%2BvUJUOEzwKKBwf%2FstXQH7giPWipSbhzyJH0f5o1FiBdPxTSuvYOb67FAYBAGWR34PGgX21IX5FwB8U%2FAX9zmytkD7l5LND%2BfWVSSY9qhzDfp6Y5Zq42WobtISlGzczqAKNrj%2B167McFp%2BXTfFqM6IbtJsrygFmTE%2FGHp%2BHwSzxwVRNV%2FYRemZK5z1sCEjHzO%2FcWE6IJ2zdQTqVbNFPOrlj8IhHzIx7DlcBL44AQdHI8FZtQVGFZJxOyBDKc%2B&nvMid=29030431586&catId=50000248
Apple 아이폰 13 128GB [LG U+],"148,180원",https://cr.shopping.naver.com/adcr.nhn?x=xeUwaPPPM3f%2Fg7kGIj3DeP%2F%2F%2Fw%3D%3DsUfUO8xhr0QwwavpE7bDqpnkvdDhRexm%2Fn07ljT6mdthhJz9H0Ub4KLvuVTVtNMxMuIqP64gbroZV%2BVk8DOs0N4Ts3wa%2BP603dUjt81M%2F7SoWiR5YliM2OygS%2F8IeHZNGmnbFbAmkGtu5GMU%2BX%2BlcoMi30QtKP1mA7BYZPpxeJLexWvZfe2todmJfmpbNrXnqYKFZZuluUMYgcwBfGEHeObix7jXt7MNVc9AIu4EfDZlNEwRr%2B3STfYHGn%2FB5b3e4AhHM%2Fu1aJh9q0LhseLNd1C7qbgNxy%2FOhUIMieVKkJe9r6kdrp7BvT8OlwZ7P37YyZp%2FuhVWf5tMOyu5R2EADu8tcGuNLhhcoI1QMlvQKUv3UQvs8GHq%2Bj7OvUNvyviyxeoI3z%2BL14z9v%2Fx%2BL9Zw%2FKpOVC1RHIUDXk8jQD21uW9UEdLuJh13gFOuABI1Cabywr1zQ3TaGfkdsxOv%2Bp53WStKWMVTtA07HCUp%2FbeQ6Tv27A%2F0vSPti8cHY4o2fastwN%2FJKacIlwQoZF%2FRZO2KyVhy7wLC43%2FIv4fsJqUCbAqa%2FhgaMkJIhbUi8HFdPXAb32mUfwMx7F8ownZnxMfEOmGO0QScdmj79W4Ike%2ByYeOsNUJgJp6CUXauCvW7Y5AjN&nvMid=29030372586&catId=50000248
Apple 아이폰 13 프로 256GB [LG U+],"819,930원",https://cr.shopping.naver.com/adcr.nhn?x=T8lCw65HKlvyhQeaW6ltZv%2F%2F%2Fw%3D%3DsExWxQrDNa87MuUdF2eX%2Bfd0XqIuRjYHucEOMUdsO7xphJz9H0Ub4KLvuVTVtNMxMVzf3ig%2BcTbhLU0Dcp%2FqfeoTs3wa%2BP603dUjt81M%2F7SoWiR5YliM2OygS%2F8IeHZNGmnbFbAmkGtu5GMU%2BX%2BlcoMi30QtKP1mA7BYZPpxeJLexWvZfe2todmJfmpbNrXnqiHryMIa0vOlFa0dwxiKn27ix7jXt7MNVc9AIu4EfDZlNEwRr%2B3STfYHGn%2FB5b3e4AhHM%2Fu1aJh9q0LhseLNd1C7qbgNxy%2FOhUIMieVKkJe9r6kdrp7BvT8OlwZ7P37YyZp%2FuhVWf5tMOyu5R2EADu%2FyuK8bAh%2BKp%2BiFzCkMagi%2FUQvs8GHq%2Bj7OvUNvyviyxeoI3z%2BL14z9v%2Fx%2BL9Zw%2FKkAYb84X6P6evVlwEmIJJLQEdLuJh13gFOuABI1Cabywr1zQ3TaGfkdsxOv%2Bp53WSsISsS%2BCTbLI5Q3DJYN6lKb5YbLlxragaaIQX6kJDBj8D6QkZjCZcMNTR4jeTmX45etzMJJjH9%2BCsqdoAsBU1SwNauEcRynSn%2F8orOK7nc90gk0QigMrWgYIN4mwNKoR82xp66Mxkd7STY%2BV5B49lRTLVWGr8fvvH1mWvUgXPK6j&nvMid=29030415586&catId=50000248
Apple 아이폰 13 프로 맥스 256GB [LG U+],"935,180원",https://cr.shopping.naver.com/adcr.nhn?x=5fJUJ2DqC5DSQDmn3ccMU%2F%2F%2F%2Fw%3D%3DsdT6Km%2Bo6umqT0DX6ZISVgWZpOnLDo2NeO1%2FuWSUUTUMbsBKbbjTB%2BBCjsLv6tz%2BjyIulaTmkoNe%2FteiSKbY3GVne7ahLA7%2FV4xfBQqOLjry%2BagrVx6bulnceOMOWkBEsehs6QI5PzCMzziYSpNwaH0gAn8lD2%2BxrgblrBqYwPdWug%2B9sjA7rHdeMLkY%2BwIMU0nYCIitiLlu%2FFmiEv68MvzQZD6UDT51Dg8nNb9lI8fV%2BFLPJmN7kd5F0maTGsL0clqrTP9UVBNdDzK9DiNKFhAdmDKrF4BrrQH1m44rL%2Fic%2Fa18qhDQ1A%2FKJp3fgBDor391W%2FC1w5SVs2sYtTdFSeuCrA3Pzb7i5vXqNrvitcQsVjQCpIk5kx4sJW2hrRfnKqwZ9aKCnp%2BOD2OzgCp1jz8j3igI9Rgg9aqItglhSlvOZzZyDfGo1SQoYRvXGDzWdJDnYvpfz%2Bh%2BZ6wVz3KJUXsds9B%2BMUzAQtFYI3wiD8caPOOaKZOP4aLPc7Q7Q1LvW8jR8gVF8FlQ9pItE8Zzc8s0zguRDCfzmqzFCjt90kwGnhPL44iznrYEUgC79Bv9W%2BgtF15PMkmjkNDmi88yMRWM5kgbBNtErkmQcI0145rv0UbNk5di1V8jUMbmtHii%2FBq7h9PA5SrIXrcWPClBGWw%3D%3D&nvMid=29030190586&catId=50000248
Apple 아이폰 13 미니 512GB [LG U+],"448,980원",https://cr.shopping.naver.com/adcr.nhn?x=Mx6W2FxAcntCYu2834fLBv%2F%2F%2Fw%3D%3Dsz3jvprW8bH6dljo%2FjW1KqiELKTDJpb4Fmb2MU1ihGDxhJz9H0Ub4KLvuVTVtNMxMXyV47XrSqR3M9QwR58QBrYTs3wa%2BP603dUjt81M%2F7SoWiR5YliM2OygS%2F8IeHZNGmnbFbAmkGtu5GMU%2BX%2BlcoMi30QtKP1mA7BYZPpxeJLexWvZfe2todmJfmpbNrXnqmNCzWTrruETuuT6FCzP1m7ix7jXt7MNVc9AIu4EfDZlNEwRr%2B3STfYHGn%2FB5b3e4AhHM%2Fu1aJh9q0LhseLNd1C7qbgNxy%2FOhUIMieVKkJe9r6kdrp7BvT8OlwZ7P37YyZp%2FuhVWf5tMOyu5R2EADu9jXHrRfFqSR%2B2ca92QoZ2fUQvs8GHq%2Bj7OvUNvyviyxeoI3z%2BL14z9v%2Fx%2BL9Zw%2FKr8rTIOVPwRB9QzWGDf2%2BUQEdLuJh13gFOuABI1Cabywr1zQ3TaGfkdsxOv%2Bp53WSjwt7nBOa4olaWN8w934iK35YbLlxragaaIQX6kJDBj8D6QkZjCZcMNTR4jeTmX45SCcERr7oWBdbbXcFsZTu%2BINauEcRynSn%2F8orOK7nc907CD4d8H63YUwqEUh09GuS5OC8a3emGyQfLtdF5tcqm3LVWGr8fvvH1mWvUgXPK6j&nvMid=29030419586&catId=50000248
Apple 아이폰 13 프로 맥스 128GB [LG U+],"813,180원",https://cr.shopping.naver.com/adcr.nhn?x=Q5bB5tcCHhoWbVwwcJEF3P%2F%2F%2Fw%3D%3Ds0DWQtJG54UYoyb19rDWablEFMMhoX4MRZBAd6lHbCyphJz9H0Ub4KLvuVTVtNMxMnBkLNXWdOt%2FiEPEfz0pFTYTs3wa%2BP603dUjt81M%2F7SoWiR5YliM2OygS%2F8IeHZNGmnbFbAmkGtu5GMU%2BX%2BlcoMi30QtKP1mA7BYZPpxeJLexWvZfe2todmJfmpbNrXnqW6RWFOvR2FN0g9uRh450ELix7jXt7MNVc9AIu4EfDZlNEwRr%2B3STfYHGn%2FB5b3e4AhHM%2Fu1aJh9q0LhseLNd1C7qbgNxy%2FOhUIMieVKkJe9r6kdrp7BvT8OlwZ7P37YyZp%2FuhVWf5tMOyu5R2EADu1sL5Pzx8zXx9QBiLYyxzwHUQvs8GHq%2Bj7OvUNvyviyxeoI3z%2BL14z9v%2Fx%2BL9Zw%2FKrs34q4Ki7Nctg%2Fi3CwwoH0EdLuJh13gFOuABI1Cabywr1zQ3TaGfkdsxOv%2Bp53WSph2%2B170Lc%2Fh1s0cur%2FyDfmPU2Wu48FXzKTpLeNC9BkySZv9Z3vZVGXYiyeb1%2FD5syMP6cy7WjvldQ0AYk7QvoXe8ABnKX4l%2FaE8IP1nlnd9S2%2BxM4c%2FWCbDHWcATFklPaHZo6%2B4vsPaRY%2BmXAxWGyADfkLIyuldBS3f8m8e6nLmzUhNzs2VE%2B%2Bisqs3JAEppg%3D%3D&nvMid=29030352586&catId=50000248
Apple 아이폰 13 256GB [LG U+],"272,180원",https://cr.shopping.naver.com/adcr.nhn?x=KiX13zZi%2FU57xKDP5zvLcf%2F%2F%2Fw%3D%3DsEa%2BB%2BoeXUcHidWJfqoSEdcKsDZEzig%2BoVu0MzFQgD2hhJz9H0Ub4KLvuVTVtNMxMnDGObWkyO3m9lCNqTj6NJYTs3wa%2BP603dUjt81M%2F7SoWiR5YliM2OygS%2F8IeHZNGmnbFbAmkGtu5GMU%2BX%2BlcoMi30QtKP1mA7BYZPpxeJLexWvZfe2todmJfmpbNrXnqxxsm%2FS7PvYrIy2gc0Hbz67ix7jXt7MNVc9AIu4EfDZlNEwRr%2B3STfYHGn%2FB5b3e4AhHM%2Fu1aJh9q0LhseLNd1C7qbgNxy%2FOhUIMieVKkJe9r6kdrp7BvT8OlwZ7P37YyZp%2FuhVWf5tMOyu5R2EADu9x4UaPtbHXLnYTj9EGkIpLUQvs8GHq%2Bj7OvUNvyviyxeoI3z%2BL14z9v%2Fx%2BL9Zw%2FKvY0uZGkTWqdM%2FJDVW%2BgcesEdLuJh13gFOuABI1Cabywr1zQ3TaGfkdsxOv%2Bp53WSg6sGfNCfXGE1vlrcjWE3b%2B7A%2F0vSPti8cHY4o2fastwbv4ZUnDgFIiBsOSab73%2BZ1a1%2F%2F%2FqPsTwMtmM6tRVxPS%2FhgaMkJIhbUi8HFdPXAb3jGtZrVgp3p1EjeuMEb0mymO0QScdmj79W4Ike%2ByYeOsNUJgJp6CUXauCvW7Y5AjN&nvMid=29030189588&catId=50000248
Apple 아이폰 13 프로 512GB [LG U+],"988,980원",https://cr.shopping.naver.com/adcr.nhn?x=CCuBz%2FnayhOAE9IYDAPP0f%2F%2F%2Fw%3D%3DszgJdJXJ%2BTzI%2FbgGwCbOfF%2BpNCh2OxbJurxYoa3kgXHwbsBKbbjTB%2BBCjsLv6tz%2BjWB13DkwXJBiWTamjmft7CbPa88dvXhAmYD3lzffxNkC%2BagrVx6bulnceOMOWkBEsehs6QI5PzCMzziYSpNwaH0gAn8lD2%2BxrgblrBqYwPdWug%2B9sjA7rHdeMLkY%2BwIMUmRDWhNotjbnuwU%2BcfNUqnjQZD6UDT51Dg8nNb9lI8fV%2BFLPJmN7kd5F0maTGsL0clqrTP9UVBNdDzK9DiNKFhAdmDKrF4BrrQH1m44rL%2Fic%2Fa18qhDQ1A%2FKJp3fgBDor391W%2FC1w5SVs2sYtTdFSegpXdTXvWuG4TVl6agnOCYcVjQCpIk5kx4sJW2hrRfnKqwZ9aKCnp%2BOD2OzgCp1jz8dxNTLVMuH%2FBXFB4AFw0T2ZzZyDfGo1SQoYRvXGDzWdJDnYvpfz%2Bh%2BZ6wVz3KJUXqhFrFbN1IsTjyodAHuMEs7pLKfV7lHXkGfYNhWiUOPtINRw1QNF%2FOPJXb5%2B358LYCK49OVKqnvMG%2F9WrZebRSHvW2q1ZBpuV%2F%2FvtKUgTGHnVXmiYa23iMTZlCunnQ%2BQ9wjIAR1UoekA0pbmdLVbATfHICEQpPL7Rm%2B2fyhjEhHR&nvMid=29030295586&catId=50000248
Apple 아이폰 13 프로 맥스 512GB [LG U+],"1,259,180원",https://cr.shopping.naver.com/adcr.nhn?x=A7RVdbG34EAHDy2P90gFqP%2F%2F%2Fw%3D%3DsKF7Zvy%2FeZY4r5DEOY3JWuVm9IwPA47E6a5IEZUpBW%2BAbsBKbbjTB%2BBCjsLv6tz%2BjCKaBVs3vzEEI2SKRnT194RmTP1JJxzu%2F0hSKAjEjoXO%2BagrVx6bulnceOMOWkBEsehs6QI5PzCMzziYSpNwaH0gAn8lD2%2BxrgblrBqYwPdWug%2B9sjA7rHdeMLkY%2BwIMUeLonWMPrGi0RSJvZfvKEXzQZD6UDT51Dg8nNb9lI8fV%2BFLPJmN7kd5F0maTGsL0clqrTP9UVBNdDzK9DiNKFhAdmDKrF4BrrQH1m44rL%2Fic%2Fa18qhDQ1A%2FKJp3fgBDor391W%2FC1w5SVs2sYtTdFSehf3J2ROXKIAdOZyK4yD9YYVjQCpIk5kx4sJW2hrRfnKqwZ9aKCnp%2BOD2OzgCp1jz%2Fd8vsxL16XFHWX6ZKKXTdaZzZyDfGo1SQoYRvXGDzWdJDnYvpfz%2Bh%2BZ6wVz3KJUXsds9B%2BMUzAQtFYI3wiD8cZlE3yTZ7kdFga0NlZ5aucV8jR8gVF8FlQ9pItE8Zzc8uSvx%2BbyYNIA8k2MpesCUw%2FQFnHO0GZGCaeybHAshjoejr%2Fvhuz%2FM2bOeEg7k3nONQExXi7%2BExUPWewM1h9Zp8fmIjcXtWMiCxjBN4Nc5dhYQdAiJdwXirBRdnaxfvrBbw%3D%3D&nvMid=29030181590&catId=50000248
Apple 아이폰 13 512GB [LG U+],"558,180원",https://cr.shopping.naver.com/adcr.nhn?x=7F8ey1O6pEgc0PkhT%2FuFSf%2F%2F%2Fw%3D%3DsC2NQjZXzKgbQF843J7jVqqwKWEW8rqIbdsbJnqckj8IbsBKbbjTB%2BBCjsLv6tz%2BjDkZuGTST3gsYW1GIutvoLFZzOWa0ZfMDio%2BNsieQ46K%2BagrVx6bulnceOMOWkBEsehs6QI5PzCMzziYSpNwaH0gAn8lD2%2BxrgblrBqYwPdWug%2B9sjA7rHdeMLkY%2BwIMULoBLs12Lbdpvne%2Fi0%2BJ%2FgTQZD6UDT51Dg8nNb9lI8fV%2BFLPJmN7kd5F0maTGsL0clqrTP9UVBNdDzK9DiNKFhAdmDKrF4BrrQH1m44rL%2Fic%2Fa18qhDQ1A%2FKJp3fgBDor391W%2FC1w5SVs2sYtTdFSekSSy%2BEm7gjyMCAQlo8%2FBCMVjQCpIk5kx4sJW2hrRfnKqwZ9aKCnp%2BOD2OzgCp1jz7jmrmgQ28IVTq4GSO4ZKsmZzZyDfGo1SQoYRvXGDzWdJDnYvpfz%2Bh%2BZ6wVz3KJUXvQXR6%2FqP7fyYs7AV87GWByE4FQdvRmo7oxOSvwywmch%2FV0IQpvnnh0IlYXtFKwA63ibqkPER0WiMa%2FNxvCbg3ESzxwVRNV%2FYRemZK5z1sCEz13dsmdKiRBSxIe2jj0JybJfrhikFkRN%2B3OADCXOw%2FwdHI8FZtQVGFZJxOyBDKc%2B&nvMid=29030296586&catId=50000248
Apple 아이폰 13 프로 맥스 1TB [LG U+],"1,535,180원",https://cr.shopping.naver.com/adcr.nhn?x=oosyDLXJrYZ9DEDL1o003f%2F%2F%2Fw%3D%3Ds3XUiNTY81OkSaIuUwlAIGVnTykhQN4uK31X%2FjZ%2B%2BFf8bsBKbbjTB%2BBCjsLv6tz%2Bj6CECAwxMBHlAyoSK7%2FT68cvJ8nfLxLaSXUQFU7pWXdu%2BagrVx6bulnceOMOWkBEsehs6QI5PzCMzziYSpNwaH0gAn8lD2%2BxrgblrBqYwPdWug%2B9sjA7rHdeMLkY%2BwIMUv%2FiyLKIYZJmYdqtV06rV7DQZD6UDT51Dg8nNb9lI8fV%2BFLPJmN7kd5F0maTGsL0clqrTP9UVBNdDzK9DiNKFhAdmDKrF4BrrQH1m44rL%2Fic%2Fa18qhDQ1A%2FKJp3fgBDor391W%2FC1w5SVs2sYtTdFSeimN6wcI2hL4ePAY%2FiCslbAVjQCpIk5kx4sJW2hrRfnKqwZ9aKCnp%2BOD2OzgCp1jzytMDMstb%2F4o9eLVG4BGc4uZzZyDfGo1SQoYRvXGDzWdJDnYvpfz%2Bh%2BZ6wVz3KJUXsds9B%2BMUzAQtFYI3wiD8cacEKdPUOJCEhYJKGZyJwgLXGfKYExq7uG4FGIUYcPNsX%2F6dtwUEyJTKm7inwGX%2Bddcsc1gy1t3y8vpnnZ1OyPev4YGjJCSIW1IvBxXT1wG9zQXk6SHCmeQg%2B88Rb9iKiFjtEEnHZo%2B%2FVuCJHvsmHjrDVCYCaeglF2rgr1u2OQIzQ%3D%3D&nvMid=29030181587&catId=50000248
Apple 아이폰 13 프로 1TB [LG U+],"1,406,280원",https://cr.shopping.naver.com/adcr.nhn?x=qaHXYYsp25RYhOZjwY1FS%2F%2F%2F%2Fw%3D%3DsG4yv2V30dwHXS4sW7TkvGwhVoHPaSbVTrO0pqawcLhdhJz9H0Ub4KLvuVTVtNMxMpHNbhPCGCOLGbc%2BOshtQhoTs3wa%2BP603dUjt81M%2F7SoWiR5YliM2OygS%2F8IeHZNGmnbFbAmkGtu5GMU%2BX%2BlcoMi30QtKP1mA7BYZPpxeJLexWvZfe2todmJfmpbNrXnqXjTaYLCBU0RKnrlIKcfhorix7jXt7MNVc9AIu4EfDZlNEwRr%2B3STfYHGn%2FB5b3e4AhHM%2Fu1aJh9q0LhseLNd1C7qbgNxy%2FOhUIMieVKkJe9r6kdrp7BvT8OlwZ7P37YyZp%2FuhVWf5tMOyu5R2EADu%2BXpCmGYNQTfhMcfdNKE0y7UQvs8GHq%2Bj7OvUNvyviyxeoI3z%2BL14z9v%2Fx%2BL9Zw%2FKomfPkeQJBZpaSibDcZQLM0EdLuJh13gFOuABI1Cabywr1zQ3TaGfkdsxOv%2Bp53WSiPdT4Ks2DksY6LWLDtrBrSaU9qNqKx0Qc11MwuBOlFm2qRqqkmRjzDmmzADhw5%2BZ4h7STqGZNuOJEbs0vDD4EqIDf9TYDOC4LzgCehLsur5EDdQMtBVPbarwNdjwKk%2B1MytQCL%2FhXtwpul5h6ZbWsmFbDf4gHI5rSMJU1BWcIOg&nvMid=29030294586&catId=50000248
Apple 아이폰 13 mini 자급제 128GB 핑크,"883,150원",https://cr.shopping.naver.com/adcr.nhn?x=ObrBjFPg03J0BIvUT3bIsP%2F%2F%2Fw%3D%3DsIuWwlUU%2FNrfVDCKoXjyAklzLmf7GSv6nau%2BWhw26%2FQ0XfmlaZeQqomjdtI9e3qsm5uWYmhIEo5CFd3oDekT%2FTOJ%2BkIyhuBnQm2ujez67eaYu48WMyl42XGFXfTl2QiYd6PluQkscUMcd5oPr3%2F5YVMFHZ6YjirkEyx0YsOhRCZckyuYW9oo962E4ptNomafycL5GgRuW8rSMHvetJ0Zgz03rq3gu1UWWlcD0LG%2B4X7R4j19oGmGFLVRpJHfC1Jve6KoV0oTkSmSOI5Tssxtrjjd9G5WfT2HZmcuOB4VQkMSJUK%2BYXMMDOPIAD9svNnaMG3p60jelChQpq7%2FtOwmymPziKuqi6lvlwe2gIVAf2UAlXTdy6Sn%2F2yromYu89VyU%2FP2UaNLJLM6T537dym3uNL7FHNn1%2BXqRnF2Q%2FmXE8lrqdi3Q%2Fm8V2A5jR123nAwZgeWDvZvBQpqoUOWMZKhgty9KIEXyygoz5As6sK9Lyp2pp5UgdwAL0UHEe5a4LJbgNbJojzhGLN4yVleevg28AfFP32JTPalZjpgurQHVVoNdFcVqf2H3jLGjqeWrqizMPWOBqLn9wuFW2krk%2FZPUNIpx0v2X5wpwfcK5qDZoQmqPBimPDZwOttZjcrwUclZ9e%2BSjm0X7gEJlhP2MkucAOV%2FKMQhhBcvnaeXSBcSnZ8LLVWGr8fvvH1mWvUgXPK6j&nvMid=29619937553&catId=50001519
APLLE 아이폰13 미니 128GB 미개통 미개봉 새상품,"696,210원",https://cr.shopping.naver.com/adcr.nhn?x=GWcLoHHdyy6uyeLLuQRefP%2F%2F%2Fw%3D%3DsGuIyHcjqLSUJ8PD3mnYn2GydAyiyqCu%2F%2FfeY6V2vbkRhJz9H0Ub4KLvuVTVtNMxMyW%2Fgwmg6cUCCiSt22Za0XITs3wa%2BP603dUjt81M%2F7SoWiR5YliM2OygS%2F8IeHZNGCyB%2Btg683Hi63ERct4gpCO0JZ4vKXq2xVuFay0gNbwiO%2FsdgQE5FIA0Tw1QMogpFlyxWbqurbQBn7h5ed9I9XRILbWvwJAzYHVrIYP0NtOoFv7pSoCnGyTq1IGkA3jtFIBV0A4bGm1B7pIlESi0J%2BAez%2FY8eSma9aMvarLWce5uRmbQNAjQ2aiolbE9KIW3G2ZVFNys8XeO9kVgQdRwEz9h70KxtauexuiiD73hEv8iKLK5s%2FpJtBklxqz4v%2B%2Be2kv2YPn5J4zSakVY22246UI1lFcpQcYLTQkxB19IYykeVZ93Riz1C%2BjjeP8gxfsH9rNzxzi0eyulBsa3PWQZh9ug3ZlGswp3EfgA%2Fom6IrrClkX647Zdjjw9%2Br5Mcvp%2BaN%2B91%2FeDOOS%2BIEHMjhvB86NoHmPCyHrOyoP4JkT2nrpX%2B1TKmmBxwpQEF%2BE6m5M5GcKXr7Di0%2BX93rFQqVeMClj5tldli49KC377V0gKvYz4NUJgJp6CUXauCvW7Y5AjN&nvMid=32358692890&catId=50001519
갤럭시 애플 아이폰13미니 256GB A2628-256,"328,000원",https://cr.shopping.naver.com/adcr.nhn?x=denh1DH6Lmps%2BX8iG3gS1v%2F%2F%2Fw%3D%3DsX%2BBlMLgaxSs1xxixlcrcuPnMEd4JIbcRT31BVnblkdBhJz9H0Ub4KLvuVTVtNMxMoRmXCdmKXAH4B%2BYfbK229ITs3wa%2BP603dUjt81M%2F7SoWiR5YliM2OygS%2F8IeHZNGCyB%2Btg683Hi63ERct4gpCCS3wIiOr3YtmM%2F3i%2BtSjwsecXWF1oTp6yntjphAHq0gJnOGC4HAhQ%2FXm0DuyiyG%2BjYVWLHDIo%2FSfS0hpZFFt7ckLAwjcX3%2B5xejyRrKC7hpal4oVSFtXynR83lGsOd3GN%2F9M5MtRitGzHYU7n%2F9IBdlEfebL25usdM9ZkVLmBqQQ%2BD%2Fo9glb0ukJK6bM8miKArsK1DNlYuW6vX8WB7j4SnDXe5COravfREggAXzuDNwnI0frBX8obGVPv7aqkx6Hb1%2FNmOSJbPXC3gQ7tS8mQdOIBlgl1NYf%2Bs0RTx9RK%2Bx6floCxr2YmZB5oDn58Og6Phf0SMsIpeaLdcmp%2BcrFg81LgMDgTdMD9JGXxvI1dwmwzbhDgT2qzcRYbVy2uh4Hl7D%2FSsfJPLNz1HpL%2F2Ch7dRRn5Fc5zjbkkmKyn3JWoD5nOu49jBg2klCFNgKByIbfq%2FXLUMdOawthRBmI8JUSDSak3CTGrqRSFxanmdZ5yV4Msnre9pCzv2HPmdHnK9%2Bh0cjwVm1BUYVknE7IEMpz4%3D&nvMid=33274035969&catId=50001519
아이폰 Apple 아이폰13 미니 128GB 기기값 9만원,"96,000원",https://cr.shopping.naver.com/adcr.nhn?x=6i76rhGnDgRwxIaeIjgA8v%2F%2F%2Fw%3D%3DsWqI%2FVUHHQ5nZHNxAmN%2BvHCzZaRRc6HVCisDRArMVLNphJz9H0Ub4KLvuVTVtNMxMXt%2B6UZz8MD1wAcxkVYqqSITs3wa%2BP603dUjt81M%2F7SoWiR5YliM2OygS%2F8IeHZNGCyB%2Btg683Hi63ERct4gpCIfsjsQob2Ne0L7w9JaI7kin0b%2F5UhxhZOSwwPJ7NL%2FBq%2BwCWpxKyY5gBvXUiP0NE1DL9Z15GCeAb7oKocLIrw%2Be0qNLDa6VxWrm2RFZhjb4gGwmPNX%2Fe%2BXkuZ30duRQYj%2FN1gL%2FBgCKENDMCz1nm%2F2o5dTfFvgykq%2FOJpKtQKZeM6xoFcRjtZCbTUYAv5Y%2Fb2xeDmVS9kP3MLsWL1Ykk4etaEuQ1VGwfmraWe3hizAsIcE7ONtcdOnPfQltEK2Z8yJJHMPgB5qMplEpnNsC%2BQy0Mjn0ifG5KjLSKu2T76D9i%2FMCbGwWgPaDxAg6BKNBkUv1iOzDBwMX44W02I%2Byr1U5na5bauPHtyz9NVQZEbVyYUriicUJdZiaIXuf7hfWFxohtPjA9PZFWriSd2EhWtTR9HrttE%2FsyFpi3ivfy1HKj7I7MGhe6%2BdHfMFqFZ55e4VsN%2FiAcjmtIwlTUFZwg6A%3D&nvMid=29860284145&catId=50001519
아이폰 13 pro max 256G 자급제 미개통 새상품,"1,357,620원",https://cr.shopping.naver.com/adcr.nhn?x=Gd%2BRWmipm%2BeCNAFdXpXe7P%2F%2F%2Fw%3D%3DsHKV%2By5KG5JbuzJDEgbBSkd9dcn5d6qBRTxcwF3CTcHJhJz9H0Ub4KLvuVTVtNMxM6YMDB%2FWGAqP3NuPfQh0iloTs3wa%2BP603dUjt81M%2F7SoWiR5YliM2OygS%2F8IeHZNGCyB%2Btg683Hi63ERct4gpCO0JZ4vKXq2xVuFay0gNbwiO%2FsdgQE5FIA0Tw1QMogpFE9ttwlJObyPvM%2BJzmItrJm6exW4FoLoa8wg6RYCgvMoFv7pSoCnGyTq1IGkA3jtFIBV0A4bGm1B7pIlESi0J%2BAez%2FY8eSma9aMvarLWce5uX6ai%2FfVVBHlRZF1T%2BaoAI6RPO4PxJXEP9MQxkriiNgth70KxtauexuiiD73hEv8ge6eZVpt6Wks%2FGUfaCRTbeoE6EVNeDFHARB7icDm7acWm%2BWZ%2B%2FebxNDvJ%2BgQ6CNCItLJWPk6nXo12y4yhucKFKJwGsw6nFfKn3Yd32q5ym2dzFrL1%2B4NNxNnoULjqszzn6VM5g9sATyy9wI3k5Qsi6aaXmHnHhxNleYo0D36jkDcKR3YKlD9qGAl6gX9HvZO6kZT7ZLKh4rnmCMxQC9KyKWaSfFLrejCRRYaZrxbSdK1aFndIwdNwuWmKtx1HNSCrUkiyUGZ3FpPHvE7X48%2Bhb&nvMid=30313697664&catId=50001519
애플 아이폰13프로맥스 256GB 자급제 미개봉 미개통,"1,339,950원",https://cr.shopping.naver.com/adcr.nhn?x=1fdjUQObxbA2GS%2BlySGf1%2F%2F%2F%2Fw%3D%3Dsm8lIrpFue49H9OtgroNPjNPZB3NKoFmK9X0A9N%2FDL1ZhJz9H0Ub4KLvuVTVtNMxM4cTTo5GlJBtWwmQzhjXSooTs3wa%2BP603dUjt81M%2F7SoWiR5YliM2OygS%2F8IeHZNGCyB%2Btg683Hi63ERct4gpCO0JZ4vKXq2xVuFay0gNbwiO%2FsdgQE5FIA0Tw1QMogpFavAwIJtjcMKtla7ymO8gcv2Do8mo2Jb5yY8UbwepIIQFv7pSoCnGyTq1IGkA3jtFIBV0A4bGm1B7pIlESi0J%2BAez%2FY8eSma9aMvarLWce5u3bcwwDwjm9t37pVLi%2BKlp9M9VYQkCGMc9dvAbUKmTu9h70KxtauexuiiD73hEv8hWiV%2FgOwCVLWQsY4%2Bz25x8oE6EVNeDFHARB7icDm7acdTfi%2FvGZjNDcfG6Nupxf6i4YhrIMCY6Ae3uer697n64%2FtpmT2tBnUieXHZ2TXdDLs2eK5TdHGNJtRW9z0AfaPMtWvZZIM4i6UO%2FB9bAC2pYzG%2F%2BHSTVutXm%2BEcis9nY9L9hkJFW61XywJi5zZpLhFmPBimPDZwOttZjcrwUclZ9N6IFMb8pKwxRcinxNzDMNSVhb%2BbLuJLlghxXBKAan8BoaKZHilHbuauHUigNM5KA&nvMid=33217438564&catId=50001519
아이폰13 미니 128GB 자급제 새상품,"736,350원",https://cr.shopping.naver.com/adcr.nhn?x=6XYDiVEXNkgADLgCGGHf4f%2F%2F%2Fw%3D%3DskmvyNOH%2BffRXQVcehUs7aLfuLak%2BpEEyFNfbfjhTXlgbsBKbbjTB%2BBCjsLv6tz%2Bjzi%2BOrs2kRdJjw7AuWSElU5R9et647xvuVSCZMOQoVFm%2BagrVx6bulnceOMOWkBEsw6X%2Bb99dRMl1xtzG3eHWnS8ffQLw1x%2F8Lf5s6Y8TBIHXkj%2BZW%2F1lJfgqvRvZaBhRHobLqCowvZoMHdD09Yl1v2lQFMyWIOULxVtn6hHLBqvAC6axcLiuevuYFHgJ5tVSYB3wRAjeTO93SvH%2FLobk%2FBCGSQdcrj%2BZJHLmJxgT%2FbsFbfqvhBmyFER%2BD7e%2BrtE2ZlGHN4KlOs7MJPh65uF6gH%2BUucnAxrsG3xHb9QOpCsIcRZJmF%2FA3IxAqUUy9LvTYMYrNmUNy%2FEPlG7orunWxtIHORR4iSZyt%2BZ9soezygAxCMV39aPl7GEJsuSh03ksQZlcDXn2GHhJi%2BBCoWvD1m3R26cmXygepuWpxN7vMw01%2FColLl%2BWWxkchVWvDWpjssLbJT%2BtYk3nP0xj4TAry23wVnsOyvjYE86H5OcbmplP5ekCZH8Pznnj3PGpfIw5uzr7QGA%2FcrMxJOO4%2BhH%2Bjz4KoDr6us%2BRKRCOTdsWr9TI%3D&nvMid=32358615593&catId=50001519
아이폰 Apple 아이폰13 미니 256GB 구매가 22만원,"228,000원",https://cr.shopping.naver.com/adcr.nhn?x=LgnGUYIKtRDqSN9A7VHgdP%2F%2F%2Fw%3D%3Ds6%2B33sAf2wTCB2Psf9g2nhSFOQ0OAI4aRXQ93DRoEWKtWQE1WikGGRjsm7ORTamZ7hq3p55JZbecb3PqzK36JnZTkyuAJXLvUrfPiDN3tV8bMLVISFvO8jI0W2YQOOebvDB8ncQE5e9pDldVBKwdYDcj%2FdcXeK4zHpuWdvA8cmNSWtcgxh%2FsOYl4JgAkU%2F9XhcOm4UoSDQKtQs0uez7oCAGwz4HvOeOXNGisECu%2FbFJOHW6p8pdKlRMT1SF6zy09Xk8cc59m1BOeio2g4sehygNwxcqQYiQbOdlSpRz%2Bkf%2FzBu4vb5wA7mAZ%2F%2BiTKS9Qtw6ZjbtkbN7RD61dGUzg7G1qsmhWtsS26cBgiQoajA6rWar8yXIYBxiN2fYD6mYeSv9OAQbFvoz00Z8EOdVfO2WxeDmVS9kP3MLsWL1Ykk4crEsfXGDEgwvS%2FoTGu1jxBIcE7ONtcdOnPfQltEK2Z8yJJHMPgB5qMplEpnNsC%2BQyg07LYVTvAjF7y8TbtW2%2BQ0WS8dQdGMQQQJtHwXUh2zaE%2BE9aVdgVv4kt0RqWmFtjaRvGAujHMJPY5zZvxJ4E33EF%2BEbnOAiHQgdHcNNLRTMvTtug4vCjEvohqOyQz59k1qHwQZf%2Bd3HxVn7xvyzJ3RrGudIr58zT0ONbGiOMaxWhopkeKUdu5q4dSKA0zkoA%3D&nvMid=29860859288&catId=50001519
[대여] 핸드폰 아이폰렌탈 최신 iphone13 무약정 무보증임대 - 30일,"92,000원",https://cr.shopping.naver.com/adcr.nhn?x=CU8rEqgBJTV%2Fo70sRN0fuf%2F%2F%2Fw%3D%3Ds%2BnJL4kaCdYFU3EEQb%2FV7EKQa6Wjq5e0r%2BCD%2BDfqLSHsbsBKbbjTB%2BBCjsLv6tz%2Bj2q0BU5Hps3zcC80kuYBSg1ne7ahLA7%2FV4xfBQqOLjry%2BagrVx6bulnceOMOWkBEsehs6QI5PzCMzziYSpNwaH4ZYgwI2fs40XR%2FERq%2FGNyfWK4fiV391hyKbNzjTTmNITxlxIQK8fyHHUDFi0qYmqBt6etI3pQoUKau%2F7TsJspj84irqoupb5cHtoCFQH9lAJV03cukp%2F9sq6JmLvPVclEjnFs%2FEXbU2aiKhHTXNHs2DU3npoLTlFtnTXYD5Ua9rx72P1MzfeDsyK%2BcBtz34gDYLxbyVI0szhAqKMtPz6klBT%2BLQ1Vjkd72ygO8qsbLMkJoTsxWbKVl2IZeEmkGMxmAkdyCxJ6iPVGDAm7rKA8TN5RupIl522rGULOnG9mDisYy14MwljIynznm7aO7zT0FLfpcXsLLPzm%2FnUtRYqAf5gThbp8peWmSrQMoVaJKoNgOwvzX643Gnerd9gVGzGW6%2BL7cLFv58WTdfFQPZVkGQCU4rA9qEITJh30T6VqaOX7blhdc9Hi7NWdPs2K%2BZD8nHOl1Oo0hZ2fp7OBgmYD8K%2B4Ya%2B1qzEAoDX99FRB%2BUgqgOvq6z5EpEI5N2xav1Mg%3D%3D&nvMid=84117362445&catId=50001519
Apple 아이폰 13 자급제 블루 128GB,"1,190,000원",https://cr.shopping.naver.com/adcr.nhn?x=dJa1oguwL%2BsSzreX8vLOav%2F%2F%2Fw%3D%3DsZkf5Ak0cxeFS69tcggXr4wjeur1%2FebnXXRRrRSuUHK9WQE1WikGGRjsm7ORTamZ7C2qBuK%2BFanpZdaD%2BLwGw2JTkyuAJXLvUrfPiDN3tV8bMLVISFvO8jI0W2YQOOebvX8ys%2FhjiQlK%2BygIgYd7XKHzmYN%2Fcvl75AGnByk2TjWEm5OY6%2FBA05LWPXaqTF3xXnI3Q%2FuFm111yFJnQ1iq5B6N13Zjdmb96RUIYIswoTaji1ShxDj3lM6ehtxvMu3DzQzp6WFGMY1P8mqtwW2hMLCS5yjjA6nkXqa2BwKlrFXJ0fHa2HV7b3uKeNBN%2FZZs%2FcfGVb0oQRV3YUJTmrMQYwSAVdAOGxptQe6SJREotCfgHs%2F2PHkpmvWjL2qy1nHub3ph96QNVXCHwDkMV22dFDlgFMowtuU4B7B%2FSXidLorTHvY%2FUzN94OzIr5wG3PfiAtWvBS0ylHw6DvVIUpcXzTl2cYphwd6rrVc%2BgJrVCIMMU0KYvN65q1ZzViC%2BZXQ3UNsPlBNW%2BkFKGVcBGMqSa9q06jLLLIvkMEidq7DOKEt08KWTArnkIO8iyQeudTkBmlI9QToFNKeR4%2FoGdmlT4iYPBJNYEUa4Gv319se%2BaWZwaIbT4wPT2RVq4kndhIVrUMPkExKnQ7oJdiFycGw6MlX6%2FmcNpQy9%2BEtTAqjQHgj7LVWGr8fvvH1mWvUgXPK6j&nvMid=29619782067&catId=50001519
해외아이폰 13 Pro ProMax 미국직구 정품 무음 카메라 관부가세 포함,"1,590,000원",https://cr.shopping.naver.com/adcr.nhn?x=loHgAGZLiZJVrhQA50CtY%2F%2F%2F%2Fw%3D%3DsuQ%2FDwbkk4qCx1FRuXCle8OXn6ghrvlKBXsROcR%2F8MuVhJz9H0Ub4KLvuVTVtNMxMMcmss6tQcDIw1Y2TekHk14Ts3wa%2BP603dUjt81M%2F7SoWiR5YliM2OygS%2F8IeHZNGmnbFbAmkGtu5GMU%2BX%2BlcoDaSZny%2B1MgSfJG5ocTRQNj1rIvubP2%2F%2BNF2sTRY2hEVqDdLNM1f3IlfyoLQ3NLXSe1i6IX8lM3Xi7f6Vrm%2FHn%2Fffisv5tHfoGFh7RH%2BtSaOAFJNLWxG%2Fj2gEfGb7GroeGhaJxIzCv4DclEmatjQcUKnkSzeu8poMFTgB0mFK5kAV36ogsAbT2GMBHUreotiQI5sRpOHtiEkPaKEPzt45T4RZTBGFKWi463nRc%2FX%2BrflUV9gBCa2YTD9Okll99p36dEFnFC7yRCgfc%2BEOPGI5%2BsNYNPoaOn5tGBZ27Tu%2FvgG3qO02bGEFnYma4J0zSwN9CTKXolpl7N292AhuWAcWpb45o8Zs6ydU7pdpnhvEvXontvcNyWPkzuFvXi%2BBryJByHtCVn7%2BJg3yWLBS%2BHhz7OAZky93%2FOe7DnbBvkdkXzc7hZlLoVe8Wi5Cv4KZbiVeTv2%2BnHvbYcqybX9jV%2FK67RjtEEnHZo%2B%2FVuCJHvsmHjrDVCYCaeglF2rgr1u2OQIzQ%3D%3D&nvMid=83251553577&catId=50001519
Apple 아이폰 13 미니 256GB 새상품 미개봉 미개통,"478,080원",https://cr.shopping.naver.com/adcr.nhn?x=prq2m0%2Bnd%2Fj6cJpIlfJMVv%2F%2F%2Fw%3D%3DsAzXW7KLfWcMdzohKRiH85REl%2FPlSnSl7Jc2Yw%2B4CCBRhJz9H0Ub4KLvuVTVtNMxMxS4ZM40dYo73nlEry2j3SoTs3wa%2BP603dUjt81M%2F7SoWiR5YliM2OygS%2F8IeHZNGmnbFbAmkGtu5GMU%2BX%2BlcoLDXn0IDLBCgN%2FK3%2BGwmqM%2BpFjjh%2FGPU%2BK9K7OXF%2BaHk0eX6N0xSuoVW6n8HgFyAb369MlbRXchA4gJllKq4Fcuztg8TZ7OnyY8uXhuoCz7doNh37MBIEojryxTDnHWCdSAVdAOGxptQe6SJREotCfgHs%2F2PHkpmvWjL2qy1nHub0RSgHB1IX%2FBgja75z5D9sBNUTCNos0iUt7oRQn%2FecQnHvY%2FUzN94OzIr5wG3PfiA5v2C%2FhBBY2gtwFJLNAUN4PtEj2l7JaNWZJ5wO45DRXcU0KYvN65q1ZzViC%2BZXQ3UC%2BPCK4hWZVak%2FmlGHuf2bCTn0C9JB9ClNPIwQwt4XanekFKCtKlyQTHbV6rbF2Vm45qOdsSe2ARj70dYjZTytFnMlhPZFyzfP7IyzI9N6OKGINcxQ4fLyLX%2F8ByiqJzR2ZVWCwxCaZyPHBegjD0iFgvAVpJltKUxYSpzqFr7y930fFVSk%2B7OLLuZtc25XiHjDhLBwu%2FFQS5xWYf5w6G3jQ%3D%3D&nvMid=32599880303&catId=50001519
